team,fatigueScore,hrRiskScore,collapseScore,dangerScore,grade,usedYesterday,backToBackArms,last3DayPitches,bullpenEra,bullpenHr9,hardHitAllowed,barrelAllowed,xslgAllowed,weatherBoost,parkFactor,source
"Philadelphia Phillies","48.3","48","57.1","55.7","WATCHLIST","false","0","0","","","","","","0","100","derived_from_current_repo_files"
"St. Louis Cardinals","45.5","46","53.6","51.9","WATCHLIST","false","0","0","","","","","","0","100","derived_from_current_repo_files"
"Washington Nationals","45.5","46","53.6","51.9","WATCHLIST","false","0","0","","","","","","0","100","derived_from_current_repo_files"
"Cincinnati Reds","44.8","45.5","52.8","50.9","WATCHLIST","false","0","0","","","","","","0","100","derived_from_current_repo_files"
"Boston Red Sox","44.8","45.5","52.8","50.9","WATCHLIST","false","0","0","","","","","","0","100","derived_from_current_repo_files"
"Cleveland Guardians","43.8","44.8","51.4","49.4","WATCHLIST","false","0","0","","","","","","0","100","derived_from_current_repo_files"
"Los Angeles Angels","43.8","44.8","51.4","49.4","WATCHLIST","false","0","0","","","","","","0","100","derived_from_current_repo_files"
"Houston Astros","43.4","44.5","51","49","WATCHLIST","false","0","0","","","","","","0","100","derived_from_current_repo_files"
"New York Yankees","43.4","44.5","51","49","WATCHLIST","false","0","0","","","","","","0","100","derived_from_current_repo_files"
"Baltimore Orioles","43","44.3","50.6","48.5","WATCHLIST","false","0","0","","","","","","0","100","derived_from_current_repo_files"
"Atlanta Braves","42.7","44","50.1","48","WATCHLIST","false","0","0","","","","","","0","100","derived_from_current_repo_files"
"Detroit Tigers","42.3","43.8","49.7","47.5","WATCHLIST","false","0","0","","","","","","0","100","derived_from_current_repo_files"
"San Francisco Giants","42.3","43.8","49.7","47.5","WATCHLIST","false","0","0","","","","","","0","100","derived_from_current_repo_files"
"Texas Rangers","42.3","43.8","49.7","47.5","WATCHLIST","false","0","0","","","","","","0","100","derived_from_current_repo_files"
"San Diego Padres","42.3","43.8","49.7","47.5","WATCHLIST","false","0","0","","","","","","0","100","derived_from_current_repo_files"
"Chicago White Sox","41.6","43.3","48.8","46.5","WATCHLIST","false","0","0","","","","","","0","100","derived_from_current_repo_files"
"Arizona Diamondbacks","41.3","43","48.4","46.1","WATCHLIST","false","0","0","","","","","","0","100","derived_from_current_repo_files"
"Pittsburgh Pirates","41.3","43","48.4","46.1","WATCHLIST","false","0","0","","","","","","0","100","derived_from_current_repo_files"
"Kansas City Royals","40.6","42.5","47.5","45.1","WATCHLIST","false","0","0","","","","","","0","100","derived_from_current_repo_files"
"Chicago Cubs","40.3","42.3","47.1","44.6","STABLE","false","0","0","","","","","","0","100","derived_from_current_repo_files"
"Los Angeles Dodgers","40.3","42.3","47.1","44.6","STABLE","false","0","0","","","","","","0","100","derived_from_current_repo_files"
"Milwaukee Brewers","39.9","42","46.7","44.1","STABLE","false","0","0","","","","","","0","100","derived_from_current_repo_files"
"Toronto Blue Jays","39.2","41.5","45.8","43.2","STABLE","false","0","0","","","","","","0","100","derived_from_current_repo_files"
"Minnesota Twins","38.8","41.3","45.4","42.7","STABLE","false","0","0","","","","","","0","100","derived_from_current_repo_files"
"New York Mets","37.4","40.3","43.6","40.8","STABLE","false","0","0","","","","","","0","100","derived_from_current_repo_files"
"Seattle Mariners","36.8","39.8","42.8","39.8","STABLE","false","0","0","","","","","","0","100","derived_from_current_repo_files"
"Miami Marlins","36.4","39.5","42.3","39.3","STABLE","false","0","0","","","","","","0","100","derived_from_current_repo_files"
"Tampa Bay Rays","35.7","39","41.4","38.3","STABLE","false","0","0","","","","","","0","100","derived_from_current_repo_files"
"Colorado Rockies","35.7","39","41.4","38.3","STABLE","false","0","0","","","","","","0","100","derived_from_current_repo_files"
"Athletics","32.5","36.8","37.5","34","STABLE","false","0","0","","","","","","0","100","derived_from_current_repo_files"